text,date
"Spurious claims on politics","2025-08-01"
"Foolish behavior","2025-08-01"
"I’m finding it hard to stay positive","2025-08-01"
"Strong and capable","2025-08-01"
"Rumor alert: vaccines don’t work!","2025-08-02"
"Worthless human being","2025-08-02"
"Low energy and sad","2025-08-02"
"Love and peace to all my friends","2025-08-02"
"Spurious claims on politics","2025-08-03"
"You are disgusting and worthless","2025-08-03"
"Thoughts are overwhelming me","2025-08-03"
"Stay healthy, eat well, be kind","2025-08-03"
"Spurious claims on politics","2025-08-04"
"You are ugly inside and out","2025-08-04"
"I’m struggling with my thoughts","2025-08-04"
"Grateful for today","2025-08-04"
"Spurious claims on politics","2025-08-05"
"You are an idiot, shut up!","2025-08-05"
"Hard to keep going sometimes","2025-08-05"
"Sending love and positivity your way","2025-08-05"
"Deceptive news on technology","2025-08-06"
"Annoying pest","2025-08-06"
"Positive change needed","2025-08-06"
"Good vibes only!","2025-08-06"
"Fake story about celebrities","2025-08-07"
"You are rude and inconsiderate","2025-08-07"
"Seeking better days ahead","2025-08-07"
"Kindness matters","2025-08-07"
"Spurious claims on politics","2025-08-08"
"You stupid idiot!","2025-08-08"
"Mood is really low","2025-08-08"
"Good vibes only!","2025-08-08"
"Fake story about celebrities","2025-08-09"
"Annoying pest","2025-08-09"
"Need help with my emotions","2025-08-09"
"Stay healthy, eat well, be kind","2025-08-09"
"Spurious claims on politics","2025-08-10"
"You are horrible","2025-08-10"
"Emotional support needed","2025-08-10"
"Beautiful weather today!","2025-08-10"
"This is fake news spreading everywhere","2025-08-11"
"You are an idiot, shut up!","2025-08-11"
"Lost and confused","2025-08-11"
"Stay strong, you can do it!","2025-08-11"
"Phony stories circulating online","2025-08-12"
"You are rude and inconsiderate","2025-08-12"
"I’m finding it hard to stay positive","2025-08-12"
"Stay positive everyone","2025-08-12"
"Rumor alert: vaccines don’t work!","2025-08-13"
"You are a fool!","2025-08-13"
"Thoughts are overwhelming me","2025-08-13"
"Strong and capable","2025-08-13"
"Counterfeit information about health","2025-08-14"
"You are an idiot, shut up!","2025-08-14"
"Struggling to find motivation","2025-08-14"
"Great day for a walk!","2025-08-14"
"Fake story about celebrities","2025-08-15"
"Shut your mouth, fool","2025-08-15"
"I need support to feel better","2025-08-15"
"Spread kindness today","2025-08-15"
"Untrue claims about economy","2025-08-16"
"You are ugly inside and out","2025-08-16"
"Hopeful despite the down feeling","2025-08-16"
"Grateful for today","2025-08-16"
"Government hides the truth, total hoax!","2025-08-17"
"You are disgusting and worthless","2025-08-17"
"Looking for help with my mood","2025-08-17"
"Good vibes only!","2025-08-17"
"Phony stories circulating online","2025-08-18"
"Foolish behavior","2025-08-18"
"I’m struggling with my thoughts","2025-08-18"
"Be nice to people","2025-08-18"
"Phony stories circulating online","2025-08-19"
"Complete idiot","2025-08-19"
"Hard to keep going sometimes","2025-08-19"
"Good morning everyone, stay positive!","2025-08-19"
"Fake story about celebrities","2025-08-20"
"What a moron you are","2025-08-20"
"Mood is really low","2025-08-20"
"Love and peace to all my friends","2025-08-20"
"False reports circulating, don’t trust them","2025-08-21"
"Horrible person","2025-08-21"
"Feeling down but trying to cope","2025-08-21"
"Spread kindness today","2025-08-21"
"Fake story about celebrities","2025-08-22"
"Shut your mouth, fool","2025-08-22"
"Feeling low today","2025-08-22"
"Great day for a walk!","2025-08-22"
"Government hides the truth, total hoax!","2025-08-23"
"Complete idiot","2025-08-23"
"Feeling down but trying to cope","2025-08-23"
"Sending love and positivity your way","2025-08-23"
"Rumor says new disease is a hoax","2025-08-24"
"You stupid idiot!","2025-08-24"
"Thoughts are overwhelming me","2025-08-24"
"Enjoy the little things","2025-08-24"
"Breaking: Fake news about elections circulating","2025-08-25"
"You are horrible","2025-08-25"
"Life is so hard, I need help","2025-08-25"
"Positivity wins","2025-08-25"
"Misleading info on social media","2025-08-26"
"Worthless human being","2025-08-26"
"Looking for help with my mood","2025-08-26"
"Good morning everyone, stay positive!","2025-08-26"
"False reports circulating, don’t trust them","2025-08-27"
"Worthless human being","2025-08-27"
"Seeking better days ahead","2025-08-27"
"Good morning everyone, stay positive!","2025-08-27"
"Rumor says new disease is a hoax","2025-08-28"
"Foolish behavior","2025-08-28"
"Emotional support needed","2025-08-28"
"Stay strong, you can do it!","2025-08-28"
"Breaking: Fake news about elections circulating","2025-08-29"
"You are an idiot, shut up!","2025-08-29"
"Feeling down but trying to cope","2025-08-29"
"Strong and capable","2025-08-29"
"Spurious claims on politics","2025-08-30"
"You are so annoying!","2025-08-30"
"Life is so hard, I need help","2025-08-30"
"Such a beautiful day!","2025-08-30"
"Government hides the truth, total hoax!","2025-08-31"
"Annoying pest","2025-08-31"
"Mood is really low","2025-08-31"
"Good vibes only!","2025-08-31"
"Rumor says new disease is a hoax","2025-09-01"
"You are a fool!","2025-09-01"
"Hopeful despite the down feeling","2025-09-01"
"Good morning everyone, stay positive!","2025-09-01"
"Breaking: Fake news about elections circulating","2025-09-02"
"You are an idiot, shut up!","2025-09-02"
"Thoughts are overwhelming me","2025-09-02"
"Kindness matters","2025-09-02"
"False reports circulating, don’t trust them","2025-09-03"
"Shut your mouth, fool","2025-09-03"
"Feeling low today","2025-09-03"
"Spread kindness today","2025-09-03"
"Untrue claims about economy","2025-09-04"
"Complete idiot","2025-09-04"
"Feeling down but trying to cope","2025-09-04"
"Love to everyone","2025-09-04"
"Rumor alert: vaccines don’t work!","2025-09-05"
"Stop being so foolish!","2025-09-05"
"Looking for help with my mood","2025-09-05"
"Good vibes only!","2025-09-05"
"Government hides the truth, total hoax!","2025-09-06"
"You worthless piece of trash","2025-09-06"
"Low energy and sad","2025-09-06"
"Great day for a walk!","2025-09-06"
"False reports circulating, don’t trust them","2025-09-07"
"You are pathetic and weak","2025-09-07"
"Seeking better days ahead","2025-09-07"
"Grateful for today","2025-09-07"
"Misleading info on social media","2025-09-08"
"You are an idiot, shut up!","2025-09-08"
"Positive change needed","2025-09-08"
"Beautiful weather today!","2025-09-08"
"Rumor says new disease is a hoax","2025-09-09"
"Annoying pest","2025-09-09"
"Positive change needed","2025-09-09"
"Happy to be part of this community","2025-09-09"
"Spurious claims on politics","2025-09-10"
"You are an idiot, shut up!","2025-09-10"
"Looking for help with my mood","2025-09-10"
"Stay strong, you can do it!","2025-09-10"
"Untrue claims about economy","2025-09-11"
"You are trash and pathetic","2025-09-11"
"Low energy and sad","2025-09-11"
"Positive energy all around","2025-09-11"
"Deceptive news on technology","2025-09-12"
"You are an idiot, shut up!","2025-09-12"
"Seeking better days ahead","2025-09-12"
"Enjoy the little things","2025-09-12"
"Bogus reports about weather","2025-09-13"
"Foolish behavior","2025-09-13"
"Seeking better days ahead","2025-09-13"
"Good morning everyone, stay positive!","2025-09-13"
"Fake story about celebrities","2025-09-14"
"You are stupid and ugly","2025-09-14"
"Seeking better days ahead","2025-09-14"
"Love to everyone","2025-09-14"
"Fake news again trending online","2025-09-15"
"You are trash and pathetic","2025-09-15"
"Feeling a bit lost today","2025-09-15"
"Stay positive everyone","2025-09-15"
"This is fake, don’t believe it","2025-09-16"
"Shut your mouth, fool","2025-09-16"
"Positive change needed","2025-09-16"
"Spread kindness today","2025-09-16"
"Fake news again trending online","2025-09-17"
"You are stupid and ugly","2025-09-17"
"Need help with my emotions","2025-09-17"
"Stay strong, you can do it!","2025-09-17"
"Rumor spreads faster than truth","2025-09-18"
"You are ugly inside and out","2025-09-18"
"I need support to feel better","2025-09-18"
"Sending love and positivity your way","2025-09-18"
"Bogus reports about weather","2025-09-19"
"Shut your mouth, fool","2025-09-19"
"I’m finding it hard to stay positive","2025-09-19"
"Stay positive everyone","2025-09-19"
"Spurious claims on politics","2025-09-20"
"You are pathetic and weak","2025-09-20"
"Low energy and sad","2025-09-20"
"Kindness matters","2025-09-20"
"Misleading info on social media","2025-09-21"
"You are rude and inconsiderate","2025-09-21"
"Hopeful despite the down feeling","2025-09-21"
"Stay positive everyone","2025-09-21"
"Rumor spreads faster than truth","2025-09-22"
"Horrible person","2025-09-22"
"Seeking better days ahead","2025-09-22"
"Good morning everyone, stay positive!","2025-09-22"
"Hoax about climate change","2025-09-23"
"You are ugly inside and out","2025-09-23"
"I’m finding it hard to stay positive","2025-09-23"
"Enjoy the little things","2025-09-23"
"Fake news again trending online","2025-09-24"
"Foolish behavior","2025-09-24"
"Low energy and sad","2025-09-24"
"Good vibes only!","2025-09-24"
"Hoax about climate change","2025-09-25"
"You are a fool!","2025-09-25"
"Feeling down but trying to cope","2025-09-25"
"Such a beautiful day!","2025-09-25"
"Breaking: Fake news about elections circulating","2025-09-26"
"You are trash and pathetic","2025-09-26"
"Hard to keep going sometimes","2025-09-26"
"Stay strong, you can do it!","2025-09-26"
"This is fake, don’t believe it","2025-09-27"
"You are an idiot, shut up!","2025-09-27"
"Hard to keep going sometimes","2025-09-27"
"Be nice to people","2025-09-27"
"Rumor spreads faster than truth","2025-09-28"
"Shut your mouth, fool","2025-09-28"
"I need support to feel better","2025-09-28"
"Happy to be part of this community","2025-09-28"
"Phony stories circulating online","2025-09-29"
"You worthless piece of trash","2025-09-29"
"Looking for help with my mood","2025-09-29"
"Great day for a walk!","2025-09-29"
"Counterfeit information about health","2025-09-30"
"Complete idiot","2025-09-30"
"I’m struggling with my thoughts","2025-09-30"
"Such a beautiful day!","2025-09-30"
"Spurious claims on politics","2025-10-01"
"You are a fool!","2025-10-01"
"Seeking better days ahead","2025-10-01"
"Grateful for today","2025-10-01"
"This is fake, don’t believe it","2025-10-02"
"You are a fool!","2025-10-02"
"Feeling a bit lost today","2025-10-02"
"Such a beautiful day!","2025-10-02"
"That’s a lie, pure misinformation","2025-10-03"
"You are so annoying!","2025-10-03"
"Emotional support needed","2025-10-03"
"Grateful for today","2025-10-03"
"Deceptive news on technology","2025-10-04"
"You are disgusting and worthless","2025-10-04"
"Struggling to find motivation","2025-10-04"
"Sending love and positivity your way","2025-10-04"
"Rumor spreads faster than truth","2025-10-05"
"You are horrible","2025-10-05"
"Life is so hard, I need help","2025-10-05"
"Enjoy the little things","2025-10-05"
"Misleading info on social media","2025-10-06"
"Stop being so foolish!","2025-10-06"
"Feeling down but hopeful","2025-10-06"
"Stay positive everyone","2025-10-06"
"Fake news again trending online","2025-10-07"
"You are trash and pathetic","2025-10-07"
"I need support to feel better","2025-10-07"
"Such a beautiful day!","2025-10-07"
"Fake news again trending online","2025-10-08"
"You are rude and inconsiderate","2025-10-08"
"Seeking better days ahead","2025-10-08"
"Strong and capable","2025-10-08"
"This is fake news spreading everywhere","2025-10-09"
"You are an idiot, shut up!","2025-10-09"
"Seeking better days ahead","2025-10-09"
"Spread kindness today","2025-10-09"
"Counterfeit information about health","2025-10-10"
"Annoying pest","2025-10-10"
"I need support to feel better","2025-10-10"
"Great day for a walk!","2025-10-10"
"Rumor spreads faster than truth","2025-10-11"
"You are rude and inconsiderate","2025-10-11"
"Thoughts are overwhelming me","2025-10-11"
"Enjoy the little things","2025-10-11"
"Government hides the truth, total hoax!","2025-10-12"
"You are horrible","2025-10-12"
"Looking for help with my mood","2025-10-12"
"Stay healthy, eat well, be kind","2025-10-12"
"Bogus reports about weather","2025-10-13"
"You worthless piece of trash","2025-10-13"
"I’m struggling with my thoughts","2025-10-13"
"Beautiful weather today!","2025-10-13"
"Fake news again trending online","2025-10-14"
"You stupid idiot!","2025-10-14"
"Feeling a bit lost today","2025-10-14"
"Happy to be part of this community","2025-10-14"
"False alarm on security threats","2025-10-15"
"You worthless piece of trash","2025-10-15"
"I’m struggling with my thoughts","2025-10-15"
"Love to everyone","2025-10-15"
"Bogus reports about weather","2025-10-16"
"Annoying pest","2025-10-16"
"Seeking better days ahead","2025-10-16"
"Strong and capable","2025-10-16"
"Breaking: Fake news about elections circulating","2025-10-17"
"You are so annoying!","2025-10-17"
"Seeking better days ahead","2025-10-17"
"Beautiful weather today!","2025-10-17"
"False alarm on security threats","2025-10-18"
"Complete idiot","2025-10-18"
"Hard to keep going sometimes","2025-10-18"
"Great day for a walk!","2025-10-18"
"Government hides the truth, total hoax!","2025-10-19"
"You are disgusting and worthless","2025-10-19"
"Hard to keep going sometimes","2025-10-19"
"Positivity wins","2025-10-19"
"Bogus reports about weather","2025-10-20"
"Foolish behavior","2025-10-20"
"Struggling to find motivation","2025-10-20"
"Beautiful weather today!","2025-10-20"
"Breaking: Fake news about elections circulating","2025-10-21"
"Complete idiot","2025-10-21"
"Looking for help with my mood","2025-10-21"
"Beautiful weather today!","2025-10-21"
"Untrue claims about economy","2025-10-22"
"Shut your mouth, fool","2025-10-22"
"Emotional support needed","2025-10-22"
"Kindness matters","2025-10-22"
"This is fake, don’t believe it","2025-10-23"
"You are stupid and ugly","2025-10-23"
"Looking for help with my mood","2025-10-23"
"Happy to be part of this community","2025-10-23"
"Breaking: Fake news about elections circulating","2025-10-24"
"You are pathetic and weak","2025-10-24"
"Lost and confused","2025-10-24"
"Such a beautiful day!","2025-10-24"
"False alarm on security threats","2025-10-25"
"You are an idiot, shut up!","2025-10-25"
"Life is so hard, I need help","2025-10-25"
"Happy to be part of this community","2025-10-25"
"Breaking: Fake news about elections circulating","2025-10-26"
"You worthless piece of trash","2025-10-26"
"Lost and confused","2025-10-26"
"Love to everyone","2025-10-26"
"This is fake, don’t believe it","2025-10-27"
"Complete idiot","2025-10-27"
"Mood is really low","2025-10-27"
"Spread kindness today","2025-10-27"
"Counterfeit information about health","2025-10-28"
"Complete idiot","2025-10-28"
"Emotional support needed","2025-10-28"
"Happy to be part of this community","2025-10-28"
"False alarm on security threats","2025-10-29"
"You are trash and pathetic","2025-10-29"
"Life is so hard, I need help","2025-10-29"
"Stay healthy, eat well, be kind","2025-10-29"
"Deceptive news on technology","2025-10-30"
"You are so annoying!","2025-10-30"
"I’m struggling with my thoughts","2025-10-30"
"Happy to be part of this community","2025-10-30"
"Fake news again trending online","2025-10-31"
"You are rude and inconsiderate","2025-10-31"
"Hard to keep going sometimes","2025-10-31"
"Great day for a walk!","2025-10-31"
"False reports circulating, don’t trust them","2025-11-01"
"You are disgusting and worthless","2025-11-01"
"I’m finding it hard to stay positive","2025-11-01"
"Stay strong, you can do it!","2025-11-01"
"Rumor alert: vaccines don’t work!","2025-11-02"
"You are ugly inside and out","2025-11-02"
"Emotional support needed","2025-11-02"
"Beautiful weather today!","2025-11-02"
"Spurious claims on politics","2025-11-03"
"You are rude and inconsiderate","2025-11-03"
"Looking for help with my mood","2025-11-03"
"Such a beautiful day!","2025-11-03"
"Rumor spreads faster than truth","2025-11-04"
"You stupid idiot!","2025-11-04"
"Feeling down but trying to cope","2025-11-04"
"Positivity wins","2025-11-04"
"Hoax about climate change","2025-11-05"
"What a moron you are","2025-11-05"
"Struggling to find motivation","2025-11-05"
"Positive energy all around","2025-11-05"
"Phony stories circulating online","2025-11-06"
"Worthless human being","2025-11-06"
"Thoughts are overwhelming me","2025-11-06"
"Stay healthy, eat well, be kind","2025-11-06"
"Government hides the truth, total hoax!","2025-11-07"
"You are stupid and ugly","2025-11-07"
"Feeling a bit lost today","2025-11-07"
"Grateful for today","2025-11-07"
"Rumor says new disease is a hoax","2025-11-08"
"You are rude and inconsiderate","2025-11-08"
"Feeling down but trying to cope","2025-11-08"
"Stay healthy, eat well, be kind","2025-11-08"
"Bogus reports about weather","2025-11-09"
"You are horrible","2025-11-09"
"Need help with my emotions","2025-11-09"
"Beautiful weather today!","2025-11-09"
"Bogus reports about weather","2025-11-10"
"You are disgusting and worthless","2025-11-10"
"Looking for help with my mood","2025-11-10"
"Beautiful weather today!","2025-11-10"
"Spurious claims on politics","2025-11-11"
"You are horrible","2025-11-11"
"I’m struggling with my thoughts","2025-11-11"
"Positivity wins","2025-11-11"
"Rumor spreads faster than truth","2025-11-12"
"You are trash and pathetic","2025-11-12"
"Lost and confused","2025-11-12"
"Grateful for today","2025-11-12"
"False reports circulating, don’t trust them","2025-11-13"
"You are ugly inside and out","2025-11-13"
"Struggling to find motivation","2025-11-13"
"Happy to be part of this community","2025-11-13"
"Government hides the truth, total hoax!","2025-11-14"
"You are stupid and ugly","2025-11-14"
"Lost and confused","2025-11-14"
"Sending love and positivity your way","2025-11-14"
"Fake news again trending online","2025-11-15"
"Annoying pest","2025-11-15"
"Positive change needed","2025-11-15"
"Stay strong, you can do it!","2025-11-15"
"Rumor says new disease is a hoax","2025-11-16"
"You are rude and inconsiderate","2025-11-16"
"Feeling a bit lost today","2025-11-16"
"Good vibes only!","2025-11-16"
"Phony stories circulating online","2025-11-17"
"You stupid idiot!","2025-11-17"
"Low energy and sad","2025-11-17"
"Good vibes only!","2025-11-17"
"Untrue claims about economy","2025-11-18"
"You are stupid and ugly","2025-11-18"
"Feeling a bit lost today","2025-11-18"
"Positive energy all around","2025-11-18"
"Bogus reports about weather","2025-11-19"
"What a moron you are","2025-11-19"
"I’m finding it hard to stay positive","2025-11-19"
"Happy to be part of this community","2025-11-19"
"Rumor spreads faster than truth","2025-11-20"
"You are a fool!","2025-11-20"
"Seeking better days ahead","2025-11-20"
"Such a beautiful day!","2025-11-20"
"Phony stories circulating online","2025-11-21"
"You are pathetic and weak","2025-11-21"
"Struggling to find motivation","2025-11-21"
"Happy to be part of this community","2025-11-21"
"Fake news again trending online","2025-11-22"
"You are rude and inconsiderate","2025-11-22"
"I’m struggling with my thoughts","2025-11-22"
"Positive energy all around","2025-11-22"
"Fake news again trending online","2025-11-23"
"You are ugly inside and out","2025-11-23"
"Hard to keep going sometimes","2025-11-23"
"Good vibes only!","2025-11-23"
"False alarm on security threats","2025-11-24"
"Horrible person","2025-11-24"
"Feeling down but hopeful","2025-11-24"
"Spread kindness today","2025-11-24"
"Bogus reports about weather","2025-11-25"
"You are stupid and ugly","2025-11-25"
"I need support to feel better","2025-11-25"
"Sending love and positivity your way","2025-11-25"
"Rumor alert: vaccines don’t work!","2025-11-26"
"Stop being so foolish!","2025-11-26"
"Seeking better days ahead","2025-11-26"
"Grateful for today","2025-11-26"
"This is fake news spreading everywhere","2025-11-27"
"You are rude and inconsiderate","2025-11-27"
"Low energy and sad","2025-11-27"
"Stay positive everyone","2025-11-27"
"That’s a lie, pure misinformation","2025-11-28"
"Stop being so foolish!","2025-11-28"
"Low energy and sad","2025-11-28"
"Love to everyone","2025-11-28"
"False reports circulating, don’t trust them","2025-11-29"
"You are pathetic and weak","2025-11-29"
"Thoughts are overwhelming me","2025-11-29"
"Good morning everyone, stay positive!","2025-11-29"
"Misleading info on social media","2025-11-30"
"You are stupid and ugly","2025-11-30"
"Mood is really low","2025-11-30"
"Good morning everyone, stay positive!","2025-11-30"
"Bogus reports about weather","2025-12-01"
"You are rude and inconsiderate","2025-12-01"
"Positive change needed","2025-12-01"
"Stay strong, you can do it!","2025-12-01"
"Misleading info on social media","2025-12-02"
"You are an idiot, shut up!","2025-12-02"
"Feeling down but hopeful","2025-12-02"
"Grateful for today","2025-12-02"
"Hoax about climate change","2025-12-03"
"Foolish behavior","2025-12-03"
"Mood is really low","2025-12-03"